Var,Country,Freedom to make life choices,Freedom to make life choices,Freedom to make life choices,Generosity,Generosity,Generosity,Happiness score,Happiness score,Happiness score,Healthy life expectancy,Healthy life expectancy,Healthy life expectancy,Logged GDP per capita,Logged GDP per capita,Logged GDP per capita,Perceptions of corruption,Perceptions of corruption,Perceptions of corruption,Region,Social support,Social support,Social support
0,Afghanistan,0.396573007,0.382,-3.674734978,-0.0964294,-0.102,5.77686888,2.566900015,2.523,-1.710234709,52.59000015,52.493,-0.184445997,7.462860584,7.695,3.110595641,0.933686554,0.924,-1.037452447,South Asia,0.470366955,0.463,-1.566214404
1,Albania,0.781994224,0.785,0.384373172,-0.042309489,-0.03,-29.09392028,4.882699966,5.117,4.798575289,68.70813751,68.999,0.423330482,9.417930603,9.52,1.083777332,0.896303713,0.901,0.523961569,Central and Eastern Europe,0.671070457,0.697,3.863907691
2,Algeria,0.466610909,0.48,2.869433771,-0.121105164,-0.067,-44.67618243,5.005099773,4.887,-2.359588787,65.90517426,66.005,0.151468744,9.537964821,9.342,-2.05457689,0.735485137,0.752,2.245438034,Middle East and North Africa,0.803385139,0.802,-0.172412823
3,Argentina,0.831132412,0.828,-0.376884833,-0.194913864,-0.182,-6.62542096,5.974699974,5.929,-0.764891529,68.80380249,69,0.285155039,9.810955048,9.962,1.539554011,0.842009842,0.834,-0.951276529,Latin America and Caribbean,0.900567949,0.898,-0.285147723
4,Armenia,0.712017834,0.825,15.86788429,-0.13877961,-0.168,21.05524724,4.676799774,5.283,12.96185972,66.75065613,67.055,0.455941391,9.100476265,9.487,4.247291282,0.773544788,0.629,-18.68602701,Commonwealth of Independent States,0.757479429,0.799,5.481412354
5,Australia,0.915431738,0.914,-0.156400302,0.19046016,0.159,-16.51797415,7.222799778,7.183,-0.551029784,73.60453796,73.9,0.401418239,10.72059631,10.796,0.703353506,0.41516912,0.442,6.462638647,North America and ANZ,0.944854617,0.94,-0.513795129
6,Austria,0.899989486,0.908,0.890067509,0.085429221,0.042,-50.83649422,7.294199944,7.268,-0.359188728,73.00250244,73.3,0.407516934,10.7428236,10.906,1.518933998,0.499954879,0.481,-3.791317936,Western Europe,0.928045869,0.934,0.641577232
7,Azerbaijan,0.786824107,0.814,3.453871425,-0.240255281,-0.223,-7.182061068,5.164800167,5.171,0.120040133,65.50839996,65.656,0.225314677,9.687726974,9.569,-1.22554005,0.55253756,0.506,-8.422515204,Commonwealth of Independent States,0.819308281,0.836,2.037294067
8,Bahrain,0.905855775,0.925,2.113385544,0.13372919,0.089,-33.44758912,6.227300167,6.647,6.73967565,68.5,69.495,1.452554745,10.67638016,10.669,-0.069126051,0.7393471,0.722,-2.346272813,Middle East and North Africa,0.876342118,0.862,-1.636588919
9,Bangladesh,0.90062499,0.877,-2.623177267,-0.033664726,-0.041,21.78919858,4.832799911,5.025,3.976992479,64.50306702,64.8,0.46033932,8.287063599,8.454,2.014421622,0.661843538,0.682,3.045502576,South Asia,0.687292993,0.693,0.830360131
10,Belarus,0.639163077,0.65,1.695486393,-0.164926544,-0.18,9.139496672,5.539899826,5.534,-0.10649698,66.10433197,66.253,0.224899073,9.779945374,9.853,0.746983988,0.63571167,0.627,-1.370380695,Commonwealth of Independent States,0.90674746,0.91,0.358704065
11,Belgium,0.813582063,0.783,-3.758940172,-0.078691199,-0.153,94.43089182,6.863500118,6.834,-0.429811576,72.00164795,72.199,0.274093796,10.6736393,10.823,1.399341835,0.612297952,0.646,5.504190875,Western Europe,0.911632538,0.906,-0.617851795
12,Benin,0.735182583,0.757,2.967618862,-0.003537213,-0.034,861.2087256,5.21600008,5.045,-3.278375717,54.31246567,54.713,0.737462984,7.674319744,8.087,5.377418061,0.740532577,0.661,-10.73991604,Sub-Saharan Africa,0.468671143,0.489,4.337552526
13,Bolivia,0.875873327,0.875,-0.099709281,-0.09168113,-0.077,-16.01325158,5.747499943,5.716,-0.54806339,63.6004715,63.901,0.472525585,8.851115227,9.046,2.201810371,0.822606206,0.839,1.992909108,Latin America and Caribbean,0.803108692,0.81,0.85807912
14,Bosnia and Herzegovina,0.651352704,0.706,8.389816403,0.098274559,0.113,14.98398075,5.674099922,5.813,2.447966724,67.80813599,68.098,0.427476741,9.455817223,9.59,1.419050029,0.933769107,0.931,-0.296551576,Central and Eastern Europe,0.829204142,0.87,4.919881117
15,Botswana,0.821328104,0.824,0.325314084,-0.250394493,-0.246,-1.755027815,3.478899956,3.467,-0.342060886,58.92445374,59.269,0.584725421,9.711203575,9.782,0.72901803,0.777930915,0.801,2.965441346,Sub-Saharan Africa,0.779121757,0.784,0.626120751
16,Brazil,0.799804807,0.804,0.524527105,-0.101812392,-0.071,-30.26389165,6.375599861,6.33,-0.715224638,66.48016357,66.601,0.181763136,9.56643486,9.577,0.11043968,0.770601273,0.756,-1.894789629,Latin America and Caribbean,0.896723807,0.882,-1.641955626
17,Bulgaria,0.745178163,0.788,5.746523332,-0.143908441,-0.096,-33.29091794,5.101500034,5.266,3.224541113,66.80397797,67,0.293428679,9.869318962,10.016,1.486232622,0.935585141,0.932,-0.383197728,Central and Eastern Europe,0.937840343,0.931,-0.729371801
18,Burkina Faso,0.665563583,0.695,4.422780596,-0.019080516,-0.009,-52.83146431,4.768700123,4.834,1.369343329,53.88945389,54.151,0.485338208,7.46854496,7.678,2.804495938,0.739795029,0.748,1.109087068,Sub-Saharan Africa,0.712943614,0.672,-5.74289652
19,Burundi,0.626350224,0.626,-0.055915043,-0.017551597,-0.024,36.73969383,3.775300026,3.775,-0.007947077,53.40000153,53.4,-2.87E-06,6.492642403,6.635,2.192598763,0.606934547,0.607,0.010784194,Sub-Saharan Africa,0.490325719,0.49,-0.066429108
20,Cambodia,0.959704638,0.959,-0.073422381,0.051911179,0.034,-34.50351031,4.848400116,4.83,-0.379509025,61.52996826,62,0.763907009,8.249890327,8.36,1.334680446,0.822769046,0.843,2.458886136,Southeast Asia,0.773080647,0.765,-1.045252786
21,Cameroon,0.763051808,0.731,-4.200475992,-0.00149645,0.026,-1837.445287,5.084899902,5.142,1.122934553,52.7049408,53.515,1.536970135,8.118647575,8.189,0.866553504,0.851336598,0.848,-0.391924652,Sub-Saharan Africa,0.700386405,0.71,1.372613022
22,Canada,0.933913231,0.915,-2.025159337,0.124770768,0.089,-28.66918957,7.23210001,7.103,-1.785097134,73.60160065,73.8,0.269558472,10.69236851,10.776,0.782160565,0.390843362,0.415,6.180644306,North America and ANZ,0.927176654,0.926,-0.126907207
23,Central African Republic,0.640880644,,,0.082410358,,,3.475899935,,,45.20000076,,,6.625160217,,,0.891806662,,,Sub-Saharan Africa,0.319459856,,
24,Chad,0.587305248,0.579,-1.414128007,0.017834719,0.041,129.8886795,4.422699928,4.355,-1.530737538,48.22053909,48.478,0.533923749,7.467963696,7.364,-1.392129103,0.802760839,0.807,0.52807272,Sub-Saharan Africa,0.632388055,0.619,-2.117063233
25,Chile,0.744896293,0.742,-0.388818286,-0.065668367,-0.044,-32.9966588,6.228499889,6.172,-0.907118729,69.90061951,70,0.142173976,10.0320549,10.071,0.388206608,0.838239431,0.83,-0.982944812,Latin America and Caribbean,0.879713595,0.882,0.259903338
26,China,0.898517907,0.904,0.610126182,-0.18142575,-0.146,-19.52630759,5.123899937,5.339,4.19797548,69.2891922,69.593,0.438463475,9.688568115,9.673,-0.160685406,0.7539711,0.755,0.136464116,East Asia,0.798760593,0.811,1.532299804
27,Colombia,0.836179912,0.837,0.098075544,-0.161235645,-0.135,-16.27161599,6.163400173,6.012,-2.45643912,67.69958496,68.001,0.445224354,9.500369072,9.557,0.596091874,0.86457181,0.841,-2.726414362,Latin America and Caribbean,0.884440243,0.847,-4.233213413
28,Comoros,0.547612607,0.548,0.070742162,0.090008408,0.082,-8.897399896,4.288599968,4.289,0.009327799,57.34901047,57.349,-1.83E-05,7.833630085,8.031,2.519520489,0.780622602,0.781,0.048345769,Sub-Saharan Africa,0.625662446,0.626,0.053951456
29,Congo (Brazzaville),0.719058514,0.695,-3.345835357,-0.123674095,-0.068,-45.01677979,5.194399834,5.342,2.841524925,57.92448044,58.221,0.511907155,8.536987305,8.117,-4.91961965,0.751779079,0.745,-0.901738182,Sub-Saharan Africa,0.640228093,0.636,-0.660404166
30,Congo (Kinshasa),0.700793564,,,0.083637655,,,4.31099987,,,52.90000153,,,6.694256306,,,0.809403598,,,Sub-Saharan Africa,0.672159016,,
31,Costa Rica,0.934738934,0.934,-0.079052447,-0.10242971,-0.126,23.01118494,7.121399879,7.069,-0.735808688,71.29985046,71.4,0.140462483,9.658156395,9.88,2.296956023,0.786332428,0.809,2.882695816,Latin America and Caribbean,0.901545942,0.891,-1.169762018
32,Croatia,0.714838803,0.754,5.47832558,-0.128538325,-0.118,-8.198585908,5.504700184,5.882,6.854139252,70.21490479,70.799,0.831867837,10.07087517,10.217,1.450964564,0.916495264,0.939,2.455521254,Central and Eastern Europe,0.874623716,0.924,5.645431641
33,Cyprus,0.779858291,0.763,-2.161712095,0.043731496,-0.015,-134.3002215,6.15899992,6.223,1.039131041,73.70222473,73.898,0.265630068,10.40570259,10.576,1.636577718,0.856271744,0.844,-1.433159985,Western Europe,0.805996239,0.802,-0.495813604
34,Czech Republic,0.818537354,0.858,4.821117302,-0.230861515,-0.208,-9.902696428,6.910900116,6.965,0.782819649,70.04793549,70.807,1.083635806,10.40416336,10.556,1.459383467,0.85844624,0.868,1.112913023,Central and Eastern Europe,0.914430678,0.947,3.561704871
35,Denmark,0.951444268,0.946,-0.57221092,0.066201776,0.03,-54.68399518,7.645599842,7.62,-0.334831047,72.40250397,72.7,0.410891908,10.77400112,10.933,1.475764465,0.168489456,0.179,6.238101926,Western Europe,0.955990791,0.954,-0.208243742
36,Dominican Republic,0.866202772,0.86,-0.716087757,-0.131263286,-0.133,1.323076736,5.689199924,5.545,-2.534625711,65.80748749,66.102,0.447536475,9.664880753,9.802,1.41873708,0.755999923,0.714,-5.555545936,Latin America and Caribbean,0.882085383,0.853,-3.297343269
37,Ecuador,0.859828949,0.842,-2.073546026,-0.127014965,-0.124,-2.373708484,5.925199986,5.764,-2.720583042,68.50003815,68.8,0.437900267,9.246058464,9.313,0.724000787,0.801215112,0.843,5.215189701,Latin America and Caribbean,0.836418986,0.821,-1.843452415
38,Egypt,0.708354175,0.749,5.738065284,-0.196878314,-0.182,-7.557111648,4.151400089,4.283,3.170012723,61.78015137,61.998,0.352619126,9.316541672,9.367,0.541599338,0.787726879,0.795,0.923304916,Middle East and North Africa,0.735447824,0.75,1.978682311
39,El Salvador,0.833805263,0.888,6.499687566,-0.121072978,-0.11,-9.145705493,6.34829998,6.061,-4.525620732,66.10826111,66.402,0.444330081,8.909075737,9.054,1.626703681,0.754319906,0.688,-8.792013239,Latin America and Caribbean,0.806092262,0.762,-5.469877839
40,Estonia,0.87770915,0.909,3.565059109,-0.111697771,-0.106,-5.101060611,6.021800041,6.189,2.776577732,68.60495758,68.8,0.284297851,10.34001732,10.481,1.363466575,0.623073816,0.527,-15.41933131,Central and Eastern Europe,0.934729993,0.941,0.670782691
41,Ethiopia,0.740795195,0.752,1.512537483,0.043377332,0.082,89.03882793,4.186200142,4.275,2.12125209,58.63959122,59,0.614616802,7.509385586,7.694,2.458448989,0.753690004,0.761,0.969894248,Sub-Saharan Africa,0.743307352,0.764,2.783861608
42,Finland,0.949172199,0.949,-0.018142019,-0.059482019,-0.098,64.75567179,7.808700085,7.842,0.426446331,71.9008255,72,0.137932352,10.63926697,10.775,1.275774265,0.195444584,0.186,-4.832359028,Western Europe,0.954329729,0.954,-0.034550847
43,France,0.825467646,0.822,-0.420082606,-0.130641967,-0.147,12.52126968,6.663799763,6.69,0.393172633,73.80193329,74,0.268376045,10.58422279,10.704,1.131658057,0.583521128,0.571,-2.145788284,Western Europe,0.937103748,0.942,0.522487719
44,Gabon,0.704829216,0.731,3.713067422,-0.222261623,-0.2,-10.01595449,4.829299927,4.852,0.470048938,59.71533966,59.962,0.413060265,9.680537224,9.603,-0.800959928,0.849150956,0.84,-1.077659506,Sub-Saharan Africa,0.787886858,0.776,-1.508701139
45,Gambia,0.733163178,0.697,-4.932486939,0.343198717,0.424,23.54358539,4.750599861,5.051,6.323414891,55.0120163,55.16,0.269002502,7.321814537,7.686,4.973978256,0.690717816,0.746,8.003584491,Sub-Saharan Africa,0.6931687,0.69,-0.457132585
46,Georgia,0.801641524,0.783,-2.325418961,-0.22892037,-0.238,3.966283123,4.672599792,4.891,4.67406193,64.49520874,64.3,-0.302671693,9.226100922,9.585,3.890040669,0.665944695,0.655,-1.643484073,Commonwealth of Independent States,0.629033029,0.671,6.671664136
47,Germany,0.867371082,0.875,0.879544887,0.080179386,0.011,-86.28076299,7.075799942,7.155,1.119308893,72.20201874,72.5,0.412704887,10.7328186,10.873,1.306100524,0.456422031,0.46,0.783916804,Western Europe,0.898874462,0.903,0.458967094
48,Ghana,0.794796526,0.807,1.535421155,0.094170853,0.123,30.61366238,5.147999763,5.088,-1.165496615,57.20398712,57.586,0.667808136,8.350645065,8.58,2.746553508,0.847964764,0.848,0.004155361,Sub-Saharan Africa,0.728601098,0.727,-0.2197496
49,Greece,0.541345119,0.582,7.509974612,-0.300907373,-0.288,-4.289483794,5.514999866,5.723,3.771534706,72.40525818,72.6,0.268960881,10.13232613,10.279,1.447583389,0.859931409,0.823,-4.294692415,Western Europe,0.814380348,0.823,1.058430747
50,Guatemala,0.908147573,0.906,-0.236478416,-0.042938665,-0.038,-11.50167338,6.398900032,6.435,0.564158962,64.8089447,64.958,0.229991864,8.924805641,9.053,1.436382641,0.783237457,0.775,-1.051718981,Latin America and Caribbean,0.816621482,0.813,-0.443471312
51,Guinea,0.706846774,0.697,-1.393056368,0.076328471,0.095,24.46207654,4.949299812,4.984,0.701113073,54.46780014,55.008,0.991778369,7.750990391,7.838,1.122561177,0.761794448,0.766,0.552058631,Sub-Saharan Africa,0.637573481,0.639,0.223741897
52,Haiti,0.537825167,0.593,10.25887898,0.40053457,0.422,5.359195337,3.720799923,3.615,-2.843472511,55.59862518,55.7,0.182333322,7.411329269,7.477,0.886085729,0.684767246,0.721,5.291251036,Latin America and Caribbean,0.593247831,0.54,-8.975646975
53,Honduras,0.870603263,0.857,-1.562509995,0.086969115,0.081,-6.863488262,5.953199863,5.919,-0.574478663,67.19876862,67.3,0.150644695,8.424534798,8.648,2.652552424,0.801131904,0.809,0.982122415,Latin America and Caribbean,0.821870148,0.812,-1.200937645
54,Hong Kong S.A.R. of China,0.779833794,0.717,-8.057331509,0.134979904,0.067,-50.36298144,5.510399818,5.477,-0.606123314,76.77170563,76.82,0.06290647,10.9346714,11,0.597444565,0.420607209,0.403,-4.186140566,East Asia,0.845969081,0.836,-1.178421437
55,Hungary,0.718964577,0.755,5.012127739,-0.194323018,-0.186,-4.283083953,6.000400066,5.992,-0.139991766,67.60997009,68,0.57688224,10.24924374,10.358,1.061114974,0.892916501,0.876,-1.894522162,Central and Eastern Europe,0.921934128,0.943,2.284964984
56,Iceland,0.948891878,0.955,0.643711064,0.246944219,0.16,-35.20803984,7.504499912,7.554,0.659605418,73,73,0,10.77255917,10.878,0.978790911,0.711709738,0.673,-5.438978271,Western Europe,0.974669576,0.983,0.854692114
57,India,0.881444871,0.893,1.310930426,0.057551607,0.089,54.64381386,3.573299885,3.819,6.876000417,60.21518707,60.633,0.693866365,8.849823952,8.755,-1.071478399,0.772042692,0.774,0.253523286,South Asia,0.592200935,0.603,1.823547442
58,Indonesia,0.870614409,0.873,0.27401235,0.519586504,0.542,4.313717894,5.285600185,5.345,1.123804543,62.15584946,62.236,0.12895092,9.36975193,9.365,-0.050715644,0.876296401,0.867,-1.060874036,Southeast Asia,0.808379889,0.811,0.324118776
59,Iran,0.647873282,0.608,-6.154487785,0.117891103,0.218,84.91641392,4.672399998,4.721,1.040150715,66.00614929,66.3,0.44518687,9.813719749,9.584,-2.340802009,0.714635968,0.714,-0.088991882,Middle East and North Africa,0.694689691,0.71,2.203906175
60,Iraq,0.633182645,0.63,-0.502642488,-0.06956476,-0.053,-23.81199906,4.784800053,4.854,1.446245323,59.90354919,60.583,1.134241325,9.661095619,9.24,-4.358673546,0.82226181,0.875,6.413795382,Middle East and North Africa,0.747694969,0.746,-0.226692578
61,Ireland,0.886982977,0.879,-0.90001468,0.145784974,0.077,-47.18248535,7.093699932,7.085,-0.122643079,72.30078888,72.4,0.137219969,11.16097832,11.342,1.621915882,0.357184172,0.363,1.628243482,Western Europe,0.942081571,0.947,0.522081012
62,Israel,0.747580588,0.8,7.011874417,0.10259372,0.031,-69.78372555,7.128600121,7.157,0.398393493,73.20025635,73.503,0.413582773,10.41752529,10.575,1.511632615,0.78085506,0.753,-3.567251008,Middle East and North Africa,0.913571239,0.939,2.783445879
63,Italy,0.66465199,0.693,4.265090668,-0.043460999,-0.084,93.27673531,6.38740015,6.483,1.496694238,73.60168457,73.8,0.269444145,10.48183632,10.623,1.346745701,0.873404682,0.866,-0.847795089,Western Europe,0.889878571,0.88,-1.110103257
64,Ivory Coast,0.727909327,0.741,1.79839336,-0.043991156,-0.016,-63.62905308,5.233300209,5.306,1.389176774,49.50377274,50.114,1.232688392,8.225561142,8.551,3.956433517,0.790771961,0.794,0.408213639,Sub-Saharan Africa,0.658048689,0.644,-2.134901146
65,Jamaica,0.858068526,0.89,3.721319805,-0.125106767,-0.137,9.506466585,5.889800072,6.309,7.117388076,67.09999847,67.5,0.59612748,9.006250381,9.186,1.99583191,0.888890028,0.884,-0.550127445,Latin America and Caribbean,0.915701866,0.877,-4.226470147
66,Japan,0.809961379,0.796,-1.723709224,-0.246910349,-0.258,4.491367432,5.870800018,5.94,1.178714686,75.00096893,75.1,0.132039721,10.57968903,10.611,0.295953595,0.654558063,0.638,-2.529655341,East Asia,0.883545935,0.884,0.051391216
67,Jordan,0.75104779,0.755,0.526226167,-0.162565202,-0.167,2.728011866,4.633399963,4.395,-5.145248951,66.79975128,67,0.299774649,9.025999069,9.182,1.728350843,0.700344324,0.705,0.664769577,Middle East and North Africa,0.80216372,0.767,-4.383608872
68,Kazakhstan,0.811601937,0.853,5.100784154,-0.068488635,-0.069,0.746642125,6.057899952,6.152,1.553344373,64.60996246,65.2,0.913229969,10.11465836,10.155,0.398843328,0.764490843,0.733,-4.119191654,Commonwealth of Independent States,0.934744895,0.952,1.845969429
69,Kenya,0.829747558,0.779,-6.116023785,0.294681519,0.287,-2.606718951,4.583000183,4.607,0.523670435,60.09693146,60.704,1.01014898,8.02977562,8.361,4.124951875,0.831499159,0.825,-0.781619432,Sub-Saharan Africa,0.702652037,0.688,-2.085247922
70,Kosovo,0.861535907,0.869,0.866370506,0.190933764,0.257,34.6016517,6.325200081,6.372,0.739896263,63.88555527,63.813,-0.113570696,9.204429626,9.318,1.233866504,0.922328293,0.917,-0.577700266,Central and Eastern Europe,0.820726514,0.821,0.033322428
71,Kuwait,0.872366488,0.867,-0.615164392,-0.100184701,-0.104,3.808265096,6.102099895,6.106,0.063914145,66.76764679,66.9,0.198229556,11.08982468,10.817,-2.460135195,0.760849059,0.736,-3.265964347,Middle East and North Africa,0.846475244,0.843,-0.410554712
72,Kyrgyzstan,0.909374893,0.935,2.817881514,0.154772058,0.119,-23.11273654,5.541500092,5.744,3.65424352,64.10601044,64.401,0.460158974,8.148405075,8.538,4.7812415,0.888396084,0.908,2.206663937,Commonwealth of Independent States,0.887228489,0.893,0.650510108
73,Laos,0.907213569,0.91,0.30714168,0.11137148,0.123,10.44120093,4.888599873,5.03,2.892446317,58.70992279,58.968,0.439580224,8.79858017,8.947,1.686861143,0.634679317,0.658,3.674404124,Southeast Asia,0.737502217,0.728,-1.28843233
74,Latvia,0.671237648,0.715,6.519650995,-0.186888844,-0.162,-13.31745837,5.949999809,6.032,1.378154515,66.8074646,67.1,0.437878315,10.17531967,10.315,1.372736528,0.795580089,0.8,0.555558273,Central and Eastern Europe,0.918288589,0.927,0.94865722
75,Lebanon,0.551357508,0.525,-4.780475031,-0.06121527,-0.073,19.25129139,4.771500111,4.584,-3.929584127,67.10658264,67.355,0.370183297,9.3617239,9.626,2.822942685,0.90225625,0.898,-0.471734056,Middle East and North Africa,0.824338138,0.848,2.870407289
76,Lesotho,0.738125861,0.715,-3.13305118,-0.145732045,-0.131,-10.1089949,3.652800083,3.512,-3.854579495,48.00362396,48.7,1.450673892,7.960488319,7.926,-0.433243761,0.857392073,0.915,6.718971263,Sub-Saharan Africa,0.780495703,0.787,0.83335462
77,Liberia,0.735268712,0.735,-0.036546095,0.04227322,0.05,18.27819125,4.557899952,4.625,1.472170269,56.09631348,56.498,0.716065807,7.054380417,7.288,3.311695276,0.856375933,0.85,-0.74452501,Sub-Saharan Africa,0.70928055,0.72,1.511313119
78,Libya,0.773157001,0.771,-0.278986156,-0.085054487,-0.087,2.287372564,5.488800049,5.41,-1.43565166,62.29999924,62.3,1.22E-06,9.789815903,9.622,-1.714188547,0.668779135,0.667,-0.266027289,Middle East and North Africa,0.825942934,0.827,0.127982934
79,Lithuania,0.747381449,0.773,3.427774537,-0.219725296,-0.203,-7.611911921,6.215499878,6.255,0.635509979,67.29407501,67.906,0.90932967,10.34362602,10.499,1.502122947,0.809583843,0.826,2.027727843,Central and Eastern Europe,0.926107109,0.935,0.96024433
80,Luxembourg,0.90563643,0.907,0.150564835,-0.004620588,-0.034,635.8370839,7.237500191,7.324,1.195161405,72.59999847,72.6,2.11E-06,11.45068073,11.647,1.714476848,0.367084295,0.386,5.152959486,Western Europe,0.906912208,0.908,0.119944576
81,Macedonia,0.738840938,,,-0.019877451,,,5.159800053,,,67.50442505,,,9.510591507,,,0.897490501,,,Central and Eastern Europe,0.820392311,,
82,Madagascar,0.557574093,0.552,-0.999704446,-0.011823639,-0.005,-57.71183474,4.165599823,4.208,1.017864865,59.10542679,59.305,0.337656322,7.281685829,7.396,1.569886063,0.817485631,0.803,-1.771973776,Sub-Saharan Africa,0.668195903,0.686,2.664502569
83,Malawi,0.803223193,0.78,-2.891250303,0.021433279,0.038,77.29438412,3.538000107,3.6,1.75239941,57.59288788,57.948,0.61659023,7.062226295,6.958,-1.475827744,0.731700778,0.729,-0.369109625,Sub-Saharan Africa,0.544007301,0.537,-1.288089514
84,Malaysia,0.894626856,0.895,0.041709457,0.114726797,0.125,8.954492994,5.384300232,5.384,-0.005576064,67.10215759,67.102,-0.000234851,10.26251888,10.238,-0.238916783,0.839302301,0.839,-0.036018131,Southeast Asia,0.816509426,0.817,0.060081854
85,Maldives,0.853962779,0.854,0.004358621,0.038085498,0.024,-36.9838882,5.197599888,5.198,0.007698015,70.59999847,70.6,2.17E-06,9.518632889,9.826,3.229109837,0.824211061,0.825,0.095720506,South Asia,0.91316092,0.913,-0.017622305
86,Mali,0.71156615,0.697,-2.047054936,-0.044366926,-0.036,-18.85847579,4.729300022,4.723,-0.133212568,51.72698212,51.969,0.467875507,7.629852295,7.744,1.496067035,0.839328408,0.827,-1.468841979,Sub-Saharan Africa,0.731468976,0.724,-1.021092657
87,Malta,0.924911439,0.927,0.225811998,0.214965805,0.133,-38.12969463,6.772799969,6.602,-2.521851668,72.19999695,72.2,4.22E-06,10.53383827,10.674,1.330585551,0.658547282,0.653,-0.842351362,Western Europe,0.93037951,0.931,0.066692139
88,Mauritania,0.551522553,0.561,1.718415131,-0.106008142,-0.106,-0.007680542,4.374599934,4.227,-3.37402131,57.01017761,57.161,0.264553447,8.233919144,8.542,3.741606526,0.746223509,0.731,-2.040073626,Sub-Saharan Africa,0.790819228,0.795,0.528663423
89,Mauritius,0.889534533,0.867,-2.533294905,-0.018318573,-0.054,194.7827868,6.101299763,6.049,-0.857190517,66.40434265,66.701,0.4467439,9.956786156,10.008,0.514361192,0.805343091,0.789,-2.029332738,Sub-Saharan Africa,0.910357833,0.905,-0.588541429
90,Mexico,0.858709276,0.862,0.383217474,-0.175266623,-0.147,-16.12778435,6.465000153,6.317,-2.289252119,68.29902649,68.597,0.436277829,9.797797203,9.859,0.624658745,0.806821585,0.799,-0.969431798,Latin America and Caribbean,0.838665426,0.831,-0.914002862
91,Moldova,0.721609175,0.822,13.91207713,-0.037741039,-0.079,109.3212113,5.607500076,5.766,2.826570162,65.01301575,65.699,1.055149099,8.776714325,9.454,7.716847671,0.913314283,0.918,0.513045409,Commonwealth of Independent States,0.843313575,0.857,1.622934269
92,Mongolia,0.693351328,0.708,2.112734397,0.098093867,0.116,18.25408004,5.456200123,5.677,4.046770133,62.30448532,62.5,0.313805144,9.412186623,9.4,-0.129477065,0.863511205,0.856,-0.869844532,East Asia,0.937142491,0.935,-0.228619556
93,Montenegro,0.649565637,0.708,8.995913526,-0.075600356,-0.034,-55.02666681,5.54610014,5.581,0.629268479,68.50534821,68.699,0.282681272,9.751860619,9.94,1.92926651,0.783121586,0.812,3.68760286,Central and Eastern Europe,0.855314612,0.858,0.313964939
94,Morocco,0.772072434,0.774,0.24966129,-0.240377247,-0.236,-1.82099057,5.094799995,4.918,-3.47020482,65.89624023,66.208,0.473107068,8.940313339,8.903,-0.417360528,0.815724611,0.801,-1.805095838,Middle East and North Africa,0.592628479,0.56,-5.505722414
95,Mozambique,0.864451885,0.882,2.029970124,0.032375868,0.061,88.41193694,4.623600006,4.794,3.685439782,54.20582199,54.706,0.922738539,7.069345951,7.158,1.254062959,0.683019102,0.684,0.143612089,Sub-Saharan Africa,0.723874032,0.744,2.780313578
96,Myanmar,0.895075202,0.876,-2.131128419,0.560663998,0.509,-9.214787856,4.308000088,4.426,2.739087966,58.96171188,59.302,0.577134057,8.680481911,8.541,-1.606845247,0.645124316,0.66,2.305863169,Southeast Asia,0.78440702,0.779,-0.689313056
97,Namibia,0.767520964,0.719,-6.32177703,-0.18530646,-0.149,-19.59265748,4.571100235,4.574,0.063436916,56.50148773,56.799,0.526556524,9.203141212,9.161,-0.457900308,0.851449788,0.847,-0.522613084,Sub-Saharan Africa,0.846880972,0.818,-3.410275228
98,Nepal,0.797565043,0.782,-1.951570362,0.154168829,0.152,-1.406788268,5.137199879,5.269,2.565602354,63.77917862,64.233,0.711550995,7.925357342,8.12,2.455948036,0.738099158,0.727,-1.503748904,South Asia,0.785512447,0.774,-1.465597018
99,Netherlands,0.908547819,0.913,0.490032655,0.20761244,0.175,-15.70832653,7.448900223,7.464,0.202711495,72.30091858,72.4,0.137040334,10.81271172,10.932,1.103222606,0.364717126,0.338,-7.325437742,Western Europe,0.93913883,0.942,0.304658897
100,New Zealand,0.936217487,0.929,-0.770919909,0.191598073,0.134,-30.06192708,7.299600124,7.277,-0.309607699,73.20262909,73.4,0.269622707,10.50094318,10.643,1.352800578,0.22113885,0.242,9.4335075,North America and ANZ,0.949118972,0.948,-0.117895863
101,Nicaragua,0.863902867,0.836,-3.229861604,0.020959141,0.02,-4.576241937,6.13710022,5.972,-2.690199183,67.50717926,67.657,0.221933047,8.493160248,8.62,1.493434108,0.665950119,0.664,-0.292832593,Latin America and Caribbean,0.857497036,0.864,0.75836577
102,Niger,0.759772122,0.806,6.084439882,0.013860817,0.018,29.86247492,4.909599781,5.074,3.348546243,53.50009537,53.78,0.523185292,6.842166901,7.098,3.739065455,0.722530186,0.693,-4.087052219,Sub-Saharan Africa,0.617435038,0.641,3.81658969
103,Nigeria,0.759578407,0.737,-2.97249195,0.033745807,0.037,9.643251382,4.724100113,4.759,0.738762646,49.86190796,50.102,0.481513945,8.57662487,8.533,-0.508648456,0.861874342,0.878,1.870998731,Sub-Saharan Africa,0.73721689,0.74,0.377515767
104,North Cyprus,0.79529351,0.795,-0.036905871,0.000227159,0.012,5182.643435,5.53550005,5.536,0.009031704,73.70222473,73.898,0.265630068,10.40570259,10.576,1.636577718,0.62611568,0.626,-0.018475819,Western Europe,0.820356607,0.82,-0.043469754
105,North Macedonia,,0.751,,,0.038,,,5.101,,,65.474,,,9.693,,,0.905,,Central and Eastern Europe,,0.805,
106,Norway,0.955750287,0.96,0.444646793,0.13453263,0.093,-30.87178925,7.487999916,7.392,-1.282050175,73.20078278,73.3,0.135541201,11.08780384,11.053,-0.313892999,0.263218194,0.27,2.576495909,Western Europe,0.952486575,0.954,0.158892003
107,Pakistan,0.734833717,0.726,-1.202138225,0.04489987,0.098,118.2634382,5.69329977,4.934,-13.33672564,58.25313568,58.709,0.782557565,8.482727051,8.458,-0.291498841,0.745705426,0.787,5.537652344,South Asia,0.689062297,0.651,-5.523781691
108,Palestinian Territories,0.645791829,0.653,1.116175628,-0.162079096,-0.163,0.568181846,4.552800179,4.517,-0.786333193,62.25,62.25,0,8.389223099,8.485,1.141665919,0.824199975,0.821,-0.388252256,Middle East and North Africa,0.825295925,0.826,0.085311823
109,Panama,0.880366504,0.872,-0.95034329,-0.153927714,-0.166,7.842828095,6.304800034,6.18,-1.979444762,69.60301208,69.652,0.070381897,10.03423405,10.35,3.146886433,0.851588905,0.856,0.517984085,Latin America and Caribbean,0.902094483,0.896,-0.675592537
110,Paraguay,0.885923445,0.876,-1.120124437,0.007997713,0.028,250.1000849,5.692100048,5.653,-0.686917793,65.63993835,65.9,0.396194233,9.389982224,9.448,0.617868859,0.834788501,0.882,5.655504232,Latin America and Caribbean,0.898727894,0.893,-0.637333506
111,Peru,0.824766099,0.822,-0.335379813,-0.16238822,-0.154,-5.165534791,5.796800137,5.84,0.745236371,68.10023499,68.25,0.219918492,9.456313133,9.458,0.017838527,0.893714964,0.891,-0.303784104,Latin America and Caribbean,0.831075251,0.832,0.111271392
112,Philippines,0.915463448,0.917,0.167844167,-0.105463006,-0.097,-8.024620501,6.006000042,5.88,-2.097902783,61.92676163,62,0.118266107,8.993545532,9.076,0.916818264,0.733634114,0.742,1.140334922,Southeast Asia,0.846730053,0.83,-1.975842589
113,Poland,0.862055779,0.841,-2.442507725,-0.205084071,-0.165,-19.54518984,6.186299801,6.166,-0.328141242,69.31113434,69.702,0.563929106,10.26512432,10.382,1.138570526,0.686927021,0.735,6.998265832,Central and Eastern Europe,0.874257445,0.898,2.715739527
114,Portugal,0.888747811,0.892,0.36592934,-0.220714301,-0.244,10.55015416,5.910900116,5.929,0.306211975,72.40202332,72.6,0.273440811,10.26374245,10.421,1.532165784,0.892629504,0.887,-0.63066524,Western Europe,0.886590719,0.879,-0.856169463
115,Romania,0.842823207,0.845,0.258273975,-0.19781521,-0.219,10.70938377,6.123700142,6.14,0.266176619,67.20723724,67.355,0.219861381,10.107584,10.284,1.745382477,0.934300244,0.938,0.39599219,Central and Eastern Europe,0.825161517,0.832,0.82874478
116,Russia,0.729892612,0.718,-1.629364622,-0.151153743,-0.111,-26.56483538,5.546000004,5.477,-1.244139992,64.10045624,64.703,0.939999175,10.12887192,10.189,0.593630569,0.864802599,0.845,-2.289840366,Commonwealth of Independent States,0.903150737,0.903,-0.016690126
117,Rwanda,0.900589406,0.897,-0.398561872,0.055483952,0.061,9.941699899,3.312299967,3.415,3.10056559,61.09884644,61.4,0.492895656,7.600104332,7.676,0.998613502,0.183541179,0.167,-9.012244059,Sub-Saharan Africa,0.54083544,0.552,2.064317383
118,Saudi Arabia,0.854191244,0.877,2.670216554,-0.168695062,-0.149,-11.67494873,6.406499863,6.494,1.365802527,66.30514526,66.603,0.44921814,10.79781246,10.743,-0.507625597,0.682619512,0.684,0.202233891,Middle East and North Africa,0.874067068,0.891,1.937257748
119,Senegal,0.690596163,0.695,0.637686283,-0.052335154,-0.046,-12.10496868,4.980800152,5.132,3.035653778,59.59915161,59.802,0.340354493,8.118982315,8.118,-0.012098992,0.808785141,0.801,-0.962572209,Sub-Saharan Africa,0.723616004,0.71,-1.881661534
120,Serbia,0.726495862,0.778,7.089391791,-0.073676221,0.002,-102.7145801,5.77820015,6.078,5.188464266,68.21020508,68.6,0.571461293,9.680980682,9.787,1.095129941,0.843509018,0.835,-1.008764319,Central and Eastern Europe,0.881475747,0.873,-0.961540579
121,Sierra Leone,0.715315044,0.717,0.235554392,0.088660747,0.084,-5.256832542,3.926399946,3.849,-1.971270045,50.86514282,51.651,1.544981762,7.26880312,7.434,2.272683374,0.861330688,0.866,0.542104451,Sub-Saharan Africa,0.636142015,0.63,-0.965510036
122,Singapore,0.926645339,0.927,0.038273651,0.029879224,-0.018,-160.2425284,6.377099991,6.377,-0.00156797,76.80458069,76.953,0.193242784,11.39552116,11.488,0.811536732,0.109784193,0.082,-25.30800859,Southeast Asia,0.910268962,0.915,0.51974067
123,Slovakia,0.749952674,0.766,2.13977849,-0.124409303,-0.124,-0.328997101,6.280600071,6.331,0.802469962,68.90634155,69.201,0.427621672,10.34774971,10.369,0.205361461,0.918096125,0.911,-0.772917433,Central and Eastern Europe,0.922493756,0.936,1.4641014
124,Slovenia,0.936142623,0.949,1.373442111,-0.080603383,-0.101,25.30491431,6.363399982,6.461,1.533771542,71.1029892,71.4,0.417719147,10.39232254,10.529,1.315177233,0.817071021,0.806,-1.354964344,Central and Eastern Europe,0.939575672,0.948,0.896609848
125,South Africa,0.759330094,0.749,-1.360422046,-0.109777324,-0.067,-38.96735905,4.814099789,4.956,2.947595962,56.50601196,56.904,0.704328666,9.403370857,9.403,-0.003943873,0.843423843,0.86,1.965341286,Sub-Saharan Africa,0.852532268,0.86,0.875947138
126,South Korea,0.612965107,0.672,9.631036469,-0.043404032,-0.083,91.22647408,5.872399807,5.845,-0.466586198,73.6027298,73.9,0.403884748,10.51056671,10.651,1.336115301,0.789067447,0.727,-7.865924166,East Asia,0.799387157,0.799,-0.048431726
127,South Sudan,0.451313615,,,0.016518548,,,2.816600084,,,51,,,7.425359726,,,0.763417304,,,Sub-Saharan Africa,0.553707123,,
128,Spain,0.751989543,0.761,1.198215731,-0.050961714,-0.081,58.94284874,6.400899887,6.491,1.407616344,74.40270996,74.7,0.399568833,10.46292686,10.571,1.032914991,0.765859902,0.745,-2.723722961,Western Europe,0.921125412,0.932,1.180576267
129,Sri Lanka,0.837633669,0.841,0.401885827,0.081129618,0.079,-2.624957509,4.327000141,4.325,-0.046224658,67.20006561,67.299,0.147223651,9.389969826,9.47,0.852294262,0.859001756,0.863,0.465452366,South Asia,0.825374067,0.827,0.196993468
130,Swaziland,0.646822274,0.647,0.02747679,-0.19920142,-0.185,-7.129176087,4.308100224,4.308,-0.002326408,51.18823624,50.833,-0.693980231,9.16267395,9.065,-1.065998316,0.708263338,0.708,-0.037180804,Sub-Saharan Africa,0.770290196,0.77,-0.037673594
131,Sweden,0.939144194,0.945,0.623525763,0.111614622,0.086,-22.94916342,7.353499889,7.363,0.129191693,72.60076904,72.7,0.136680315,10.75879383,10.867,1.005746292,0.250880182,0.237,-5.532594041,Western Europe,0.926311195,0.934,0.830045566
132,Switzerland,0.921336651,0.919,-0.253615331,0.105911039,0.025,-76.39528397,7.559899807,7.571,0.146829896,74.10244751,74.4,0.401542054,10.97993279,11.117,1.248342887,0.303728431,0.292,-3.861486052,Western Europe,0.942846596,0.942,-0.089791489
133,Taiwan Province of China,0.77153033,0.784,1.616225509,-0.073198698,-0.07,-4.369883738,6.45539999,6.584,1.992130777,69.59999847,69.6,2.20E-06,10.77568531,10.871,0.884534832,0.73188293,0.721,-1.486976886,East Asia,0.894309103,0.898,0.412709318
134,Tajikistan,0.831383407,0.832,0.074164699,-0.025088511,-0.056,123.2097393,5.555699825,5.466,-1.614554922,64.10459137,64.281,0.27518876,8.024810791,8.091,0.824807098,0.592076063,0.553,-6.599838339,Commonwealth of Independent States,0.835297108,0.86,2.957377891
135,Tanzania,0.82153976,0.833,1.394970829,0.109668687,0.183,66.86622682,3.476200104,3.623,4.222999011,57.49607468,57.999,0.874712444,7.967665195,7.876,-1.150464945,0.619799435,0.577,-6.905368508,Sub-Saharan Africa,0.688933194,0.702,1.896672437
136,Thailand,0.905063033,0.884,-2.327244869,0.268685192,0.287,6.81645604,5.998799801,5.985,-0.2300427,67.25059509,67.401,0.223648445,9.741791725,9.805,0.648836239,0.886272311,0.895,0.984763813,Southeast Asia,0.889973223,0.888,-0.22171712
137,Togo,0.649828613,0.619,-4.74411443,0.002667875,0.032,1099.456496,4.187200069,4.107,-1.915362717,54.71989822,54.914,0.354718825,7.357711315,7.362,0.058288302,0.757733464,0.772,1.882790807,Sub-Saharan Africa,0.551312625,0.569,3.208229632
138,Trinidad and Tobago,0.857907116,,,0.000526841,,,6.191899776,,,63.5,,,10.26000214,,,0.912230611,,,Latin America and Caribbean,0.91529417,,
139,Tunisia,0.593361557,0.656,10.5565388,-0.216413811,-0.201,-7.122378618,4.392199993,4.596,4.640043881,66.89785767,67.201,0.453142059,9.314972878,9.266,-0.525743646,0.867590249,0.87,0.2777522,Middle East and North Africa,0.688718557,0.691,0.331259115
140,Turkey,0.608830452,0.576,-5.392380078,-0.171046436,-0.139,-18.73551811,5.131800175,4.948,-3.581592594,66.90281677,67.199,0.442706667,10.12941933,10.24,1.091678273,0.748197377,0.776,3.71594767,Middle East and North Africa,0.826313555,0.822,-0.522023991
141,Turkmenistan,0.826457024,0.877,6.115620599,0.187671542,0.273,45.46691368,5.119100094,5.066,-1.037293529,62.21170807,62.409,0.317129904,9.74803257,9.629,-1.221093273,0.883691847,0.888,0.487517568,Commonwealth of Independent States,0.958966196,0.983,2.506220146
142,Uganda,0.731713951,0.709,-3.104211826,0.099487431,0.122,22.62855596,4.43200016,4.636,4.60288431,55.70820236,56.101,0.705098394,7.500389576,7.677,2.354683343,0.836737812,0.855,2.182546042,Sub-Saharan Africa,0.764994621,0.781,2.092221116
143,Ukraine,0.663081884,0.724,9.187118133,-0.030933706,-0.011,-64.44008358,4.56069994,4.875,6.891487362,64.60678101,64.902,0.456947375,9.010690689,9.436,4.720052277,0.920636714,0.924,0.365321733,Commonwealth of Independent States,0.878879368,0.888,1.037756981
144,United Arab Emirates,0.941345513,0.932,-0.992782445,0.123450845,0.074,-40.05711342,6.790800095,6.561,-3.383991456,67.08278656,67.333,0.372992019,11.1099987,11.085,-0.225010827,0.594502211,0.589,-0.92551565,Middle East and North Africa,0.849181116,0.844,-0.610130855
145,United Kingdom,0.834743679,0.859,2.905840632,0.263732493,0.233,-11.65290354,7.164500237,7.064,-1.40275293,72.30160522,72.5,0.274398859,10.60013485,10.707,1.008148967,0.435915917,0.459,5.295535698,Western Europe,0.93668282,0.934,-0.286417125
146,United States,0.842619538,0.837,-0.666912853,0.149891734,0.098,-34.61947675,6.939599991,6.951,0.164274728,68.29949951,68.2,-0.14568117,10.92576885,11.023,0.889925014,0.699715316,0.698,-0.245144841,North America and ANZ,0.914219022,0.92,0.632340595
147,Uruguay,0.892395437,0.896,0.403919927,-0.101103112,-0.092,-9.003790111,6.440100193,6.431,-0.141305146,69.00254822,69.1,0.141229248,9.948192596,9.966,0.1790014,0.635994136,0.59,-7.231849068,Latin America and Caribbean,0.92281127,0.925,0.237180675
148,Uzbekistan,0.974998116,0.97,-0.512628273,0.248427153,0.311,25.18760379,6.257599831,6.179,-1.256069949,65.10757446,65.255,0.226433777,8.740371704,8.836,1.094098732,0.501497388,0.515,2.692459088,Commonwealth of Independent States,0.926595807,0.918,-0.927676009
149,Venezuela,0.62327832,0.615,-1.328189949,-0.169090509,-0.169,-0.053526955,5.053199768,4.892,-3.19005334,66.50534058,66.7,0.292697426,8.977793694,9.073,1.0604644,0.837038398,0.827,-1.199275687,Latin America and Caribbean,0.890408158,0.861,-3.302772749
150,Vietnam,0.939592957,0.94,0.043321206,-0.094533332,-0.098,3.667138275,5.353499889,5.411,1.074065792,67.9527359,68.034,0.119589151,8.809545517,8.973,1.855424695,0.79642123,0.796,-0.052890353,Southeast Asia,0.849987149,0.85,0.001511905
151,Yemen,0.599920273,0.602,0.346667231,-0.157735437,-0.147,-6.805976643,3.527400017,3.658,3.702443226,56.72728348,57.122,0.695814246,7.759682655,7.578,-2.341367077,0.800287724,0.8,-0.035952569,Middle East and North Africa,0.817980587,0.832,1.713905345
152,Zambia,0.806500256,0.782,-3.037848509,0.078037128,0.061,-21.83207972,3.759399891,4.073,8.341759805,55.29937744,55.809,0.921570158,8.224720001,8.145,-0.96927313,0.801289678,0.823,2.709422397,Sub-Saharan Africa,0.698824465,0.708,1.312995675
153,Zimbabwe,0.711457908,0.677,-4.843281326,-0.072063953,-0.047,-34.78015285,3.299200058,3.145,-4.673862006,55.61725998,56.201,1.049566304,7.865711689,7.943,0.982597813,0.81023699,0.821,1.32837801,Sub-Saharan Africa,0.763092756,0.75,-1.715748957
